{"mongod_running_at_end": false, "end": 1411598743.349165, "mongod_running_at_start": false, "results": [{"status": "pass", "mongod_running_at_end": true, "test_file": "jstests/tool/csv1.js", "mongod_running_at_start": true, "exit_code": 0, "elapsed": 1.4002959728240967, "start": 1411598737.036228, "end": 1411598738.436524}, {"status": "pass", "mongod_running_at_end": true, "test_file": "jstests/tool/csvexport1.js", "mongod_running_at_start": true, "exit_code": 0, "elapsed": 1.3808040618896484, "start": 1411598738.436533, "end": 1411598739.817337}, {"status": "pass", "mongod_running_at_end": true, "test_file": "jstests/tool/csvexport2.js", "mongod_running_at_start": true, "exit_code": 0, "elapsed": 1.2454140186309814, "start": 1411598739.817345, "end": 1411598741.062759}], "elapsed": 7.349729061126709, "start": 1411598735.999436, "failures": 0}